Equipment,Description,Functional Loc,FLoc Description,Cost Center,CC Description,Plant,Total,01,02,03,04,05,06,07,08,09,10,11,12,13,14,15,16,17,18,19,20,21,22,23,24,25,26,27,28,29,30,31
1000180528,HORIZONTAL STERILIZER NO. 1,PALM05F08000050000300001,HORIZONTAL STERILIZER NO. 1,5F08STAS03,Sterilizer,5F08,"408,5",13,15,14,0,0,20,17,18,18,20,21,0,17,"13,5",20,18,20,16,0,17,17,18,0,18,17,0,19,20,0,22,
1000180544,HORIZONTAL STERILIZER NO. 2,PALM05F08000050000300002,HORIZONTAL STERILIZER NO. 2,5F08STAS03,Sterilizer,5F08,"408,5",13,15,14,0,0,20,17,18,18,20,21,0,17,"13,5",20,18,20,16,0,17,17,18,0,18,17,0,19,20,0,22,
1000180560,HORIZONTAL STERILIZER NO. 3,PALM05F08000050000300003,HORIZONTAL STERILIZER NO. 3,5F08STAS03,Sterilizer,5F08,"408,5",13,15,14,0,0,20,17,18,18,20,21,0,17,"13,5",20,18,20,16,0,17,17,18,0,18,17,0,19,20,0,22,
1000180575,HORIZONTAL STERILIZER NO. 4,PALM05F08000050000300004,HORIZONTAL STERILIZER NO. 4,5F08STAS03,Sterilizer,5F08,0,0,0,0,0,0,0,0,0,0,0,0,0,0,0,0,0,0,0,0,0,0,0,0,0,0,0,0,0,0,0,
1000182834,DIGESTER NO. 1,PALM05F08000050000600013,DIGESTER NO. 1,5F08STAS06,Pressan,5F08,234,0,0,0,0,0,15,0,0,0,0,0,0,0,0,20,18,20,16,0,17,17,18,0,15,17,0,19,20,0,22,
1000182868,DIGESTER NO. 2,PALM05F08000050000600014,DIGESTER NO. 2,5F08STAS06,Pressan,5F08,"171,5",13,15,14,0,0,5,17,18,18,20,21,0,17,"13,5",0,0,0,0,0,0,0,0,0,0,0,0,0,0,0,0,
1000182900,DIGESTER NO. 3,PALM05F08000050000600015,DIGESTER NO. 3,5F08STAS06,Pressan,5F08,"386,5",13,15,14,0,0,20,17,18,18,20,21,0,17,"13,5",20,18,20,16,0,17,17,18,0,18,17,0,19,20,0,0,
1000182932,DIGESTER NO. 4,PALM05F08000050000600016,DIGESTER NO. 4,5F08STAS06,Pressan,5F08,0,0,0,0,0,0,0,0,0,0,0,0,0,0,0,0,0,0,0,0,0,0,0,0,0,0,0,0,0,0,0,
1000182963,DIGESTER NO. 5,PALM05F08000050000600017,DIGESTER NO. 5,5F08STAS06,Pressan,5F08,0,0,0,0,0,0,0,0,0,0,0,0,0,0,0,0,0,0,0,0,0,0,0,0,0,0,0,0,0,0,0,
1000182995,DIGESTER NO. 6,PALM05F08000050000600018,DIGESTER NO. 6,5F08STAS06,Pressan,5F08,0,0,0,0,0,0,0,0,0,0,0,0,0,0,0,0,0,0,0,0,0,0,0,0,0,0,0,0,0,0,0,
1000183026,SCREW PRESS NO. 1,PALM05F08000050000600021,SCREW PRESS NO. 1,5F08STAS06,Pressan,5F08,234,0,0,0,0,0,15,0,0,0,0,0,0,0,0,20,18,20,16,0,17,17,18,0,15,17,0,19,20,0,22,
1000183070,SCREW PRESS NO. 2,PALM05F08000050000600022,SCREW PRESS NO. 2,5F08STAS06,Pressan,5F08,"191,5",13,15,14,0,0,5,17,18,18,20,21,0,17,"13,5",0,0,20,0,0,0,0,0,0,0,0,0,0,0,0,0,
1000183114,SCREW PRESS NO. 3,PALM05F08000050000600023,SCREW PRESS NO. 3,5F08STAS06,Pressan,5F08,"408,5",13,15,14,0,0,20,17,18,18,20,21,0,17,"13,5",20,18,20,16,0,17,17,18,0,18,17,0,19,20,0,22,
1000183158,SCREW PRESS NO. 4,PALM05F08000050000600024,SCREW PRESS NO. 4,5F08STAS06,Pressan,5F08,0,0,0,0,0,0,0,0,0,0,0,0,0,0,0,0,0,0,0,0,0,0,0,0,0,0,0,0,0,0,0,
1000183201,SCREW PRESS NO. 5,PALM05F08000050000600025,SCREW PRESS NO. 5,5F08STAS06,Pressan,5F08,0,0,0,0,0,0,0,0,0,0,0,0,0,0,0,0,0,0,0,0,0,0,0,0,0,0,0,0,0,0,0,
1000183243,SCREW PRESS NO. 6,PALM05F08000050000600026,SCREW PRESS NO. 6,5F08STAS06,Pressan,5F08,0,0,0,0,0,0,0,0,0,0,0,0,0,0,0,0,0,0,0,0,0,0,0,0,0,0,0,0,0,0,0,
1000184409,SLUDGE SEPARATOR NO. 1,PALM05F08000050000700145,SLUDGE SEPARATOR NO. 1,5F08STAS07,Klarifikasi,5F08,"337,5",0,0,10,0,0,15,17,18,18,20,21,0,17,"13,5",20,18,20,16,0,0,0,18,0,18,17,0,19,20,0,22,
1000184429,SLUDGE SEPARATOR NO. 2,PALM05F08000050000700146,SLUDGE SEPARATOR NO. 2,5F08STAS07,Klarifikasi,5F08,0,0,0,0,0,0,0,0,0,0,0,0,0,0,0,0,0,0,0,0,0,0,0,0,0,0,0,0,0,0,0,
1000184449,SLUDGE SEPARATOR NO. 3,PALM05F08000050000700147,SLUDGE SEPARATOR NO. 3,5F08STAS07,Klarifikasi,5F08,"408,5",13,15,14,0,0,20,17,18,18,20,21,0,17,"13,5",20,18,20,16,0,17,17,18,0,18,17,0,19,20,0,22,
1000184469,SLUDGE SEPARATOR NO. 4,PALM05F08000050000700148,SLUDGE SEPARATOR NO. 4,5F08STAS07,Klarifikasi,5F08,0,0,0,0,0,0,0,0,0,0,0,0,0,0,0,0,0,0,0,0,0,0,0,0,0,0,0,0,0,0,0,
1000185027,RIPPLE MILL NO. 1,PALM05F08000050000800038,RIPPLE MILL NO. 1,5F08STAS08,Pengolahan Inti Sawi,5F08,0,0,0,0,0,0,0,0,0,0,0,0,0,0,0,0,0,0,0,0,0,0,0,0,0,0,0,0,0,0,0,
1000185047,RIPPLE MILL NO. 2,PALM05F08000050000800039,RIPPLE MILL NO. 2,5F08STAS08,Pengolahan Inti Sawi,5F08,0,0,0,0,0,0,0,0,0,0,0,0,0,0,0,0,0,0,0,0,0,0,0,0,0,0,0,0,0,0,0,
1000185066,RIPPLE MILL NO. 3,PALM05F08000050000800040,RIPPLE MILL NO. 3,5F08STAS08,Pengolahan Inti Sawi,5F08,"408,5",13,15,14,0,0,20,17,18,18,20,21,0,17,"13,5",20,18,20,16,0,17,17,18,0,18,17,0,19,20,0,22,
1000185086,RIPPLE MILL NO. 4,PALM05F08000050000800041,RIPPLE MILL NO. 4,5F08STAS08,Pengolahan Inti Sawi,5F08,0,0,0,0,0,0,0,0,0,0,0,0,0,0,0,0,0,0,0,0,0,0,0,0,0,0,0,0,0,0,0,
1000186131,BOILER NO. 1,PALM05F08000050000900033,BOILER NO. 1,5F08STAS09,Boiler,5F08,0,0,0,0,0,0,0,0,0,0,0,0,0,0,0,0,0,0,0,0,0,0,0,0,0,0,0,0,0,0,0,
1000186234,BOILER NO. 2,PALM05F08000050000900034,BOILER NO. 2,5F08STAS09,Boiler,5F08,"408,5",13,15,14,0,0,20,17,18,18,20,21,0,17,"13,5",20,18,20,16,0,17,17,18,0,18,17,0,19,20,0,22,
1000187371,STEAM TURBO GENERATOR NO. 1,PALM05F08000050001100001,STEAM TURBO GENERATOR NO. 1,5F08STAS11,Kamar Mesin,5F08,0,0,0,0,0,0,0,0,0,0,0,0,0,0,0,0,0,0,0,0,0,0,0,0,0,0,0,0,0,0,0,
1000187410,STEAM TURBO GENERATOR NO. 2,PALM05F08000050001100002,STEAM TURBO GENERATOR NO. 2,5F08STAS11,Kamar Mesin,5F08,0,0,0,0,0,0,0,0,0,0,0,0,0,0,0,0,0,0,0,0,0,0,0,0,0,0,0,0,0,0,0,
1000187449,STEAM TURBO GENERATOR NO. 3,PALM05F08000050001100003,STEAM TURBO GENERATOR NO. 3,5F08STAS11,Kamar Mesin,5F08,"408,5",13,15,14,0,0,20,17,18,18,20,21,0,17,"13,5",20,18,20,16,0,17,17,18,0,18,17,0,19,20,0,22,